Название,Цена,Ссылка
Подвесной светильник Сансет Black,2990,https://www.divan.ru/sankt-peterburg/product/podvesnoj-svetilnik-sanset-black
Настольная лампа Машрум Gold,2990,https://www.divan.ru/sankt-peterburg/product/nastolnaya-lampa-mashrum-gold
Торшер Билли Black,13990,https://www.divan.ru/sankt-peterburg/product/torsher-billi-black
Подвесной светильник Бабл-9,15990,https://www.divan.ru/sankt-peterburg/product/podvesnoj-svetilnik-babl-9
Торшер Бабл-1,5990,https://www.divan.ru/sankt-peterburg/product/torsher-babl-1
Подвесной светильник Бабл-3,5990,https://www.divan.ru/sankt-peterburg/product/podvesnoj-svetilnik-babl-3
Бра Бабл Black,1790,https://www.divan.ru/sankt-peterburg/product/bra-babl-black
Настольная лампа Дэнди Black,4590,https://www.divan.ru/sankt-peterburg/product/nastolnaya-lampa-dendi-black
Настольная лампа Дэнди White,3990,https://www.divan.ru/sankt-peterburg/product/nastolnaya-lampa-dendi-white
Торшер Варио White,5990,https://www.divan.ru/sankt-peterburg/product/torsher-vario-white
Бра Варио Black,790,https://www.divan.ru/sankt-peterburg/product/bra-vario-black
Бра Варио White,790,https://www.divan.ru/sankt-peterburg/product/bra-vario-white
Подвесной светильник Сансет White,2990,https://www.divan.ru/sankt-peterburg/product/podvesnoj-svetilnik-sanset-white
Подвесной светильник Кэндел Black,2590,https://www.divan.ru/sankt-peterburg/product/podvesnoj-svetilnik-kendel-black
Подвесной светильник Кэндел White,1990,https://www.divan.ru/sankt-peterburg/product/podvesnoj-svetilnik-kendel-white
Торшер Вена Beige,8590,https://www.divan.ru/sankt-peterburg/product/torsher-vena-beige
Настольная лампа Сфера Orange,4590,https://www.divan.ru/sankt-peterburg/product/nastolnaya-lampa-sfera-orange
Торшер Осло Black,14990,https://www.divan.ru/sankt-peterburg/product/torsher-oslo-black
Подвесной светильник Кая Black,2490,https://www.divan.ru/sankt-peterburg/product/podvesnoj-svetilnik-kaya-black
Торшер Вена Black,9990,https://www.divan.ru/sankt-peterburg/product/torsher-vena-black
Подвесной светильник Кая White,2490,https://www.divan.ru/sankt-peterburg/product/podvesnoj-svetilnik-kaya-white
Торшер Осло White,14990,https://www.divan.ru/sankt-peterburg/product/torsher-oslo-white
Настольная лампа Сканди White,4490,https://www.divan.ru/sankt-peterburg/product/nastolnaya-lampa-skandi-white
Настольная лампа Гровер Glass,3990,https://www.divan.ru/sankt-peterburg/product/nastolnaya-lampa-grover-glass
Настольная лампа Сфера Black,3990,https://www.divan.ru/sankt-peterburg/product/nastolnaya-lampa-sfera-black
Настольная лампа Машрум Grey,2990,https://www.divan.ru/sankt-peterburg/product/nastolnaya-lampa-mashrum-grey
Настольная лампа Спайк Orange,990,https://www.divan.ru/sankt-peterburg/product/nastolnaya-lampa-spajk-orange
Настольная лампа Спайк Green,990,https://www.divan.ru/sankt-peterburg/product/nastolnaya-lampa-spajk-green
Торшер Клауд White,13990,https://www.divan.ru/sankt-peterburg/product/torsher-klaud-white
Настольная лампа Клауд White,8990,https://www.divan.ru/sankt-peterburg/product/nastolnaya-lampa-klaud-white
Настольная лампа Рэй Black,2990,https://www.divan.ru/sankt-peterburg/product/nastolnaya-lampa-rej-black
Настольная лампа Рэй White,2990,https://www.divan.ru/sankt-peterburg/product/nastolnaya-lampa-rej-white
Торшер Рэй White,4590,https://www.divan.ru/sankt-peterburg/product/torsher-rej-white
Торшер Рэй Black,4590,https://www.divan.ru/sankt-peterburg/product/torsher-rej-black
Подвесной светильник Портланд Black,3190,https://www.divan.ru/sankt-peterburg/product/podvesnoj-svetilnik-portland-black
Настольная лампа Гросс White,2990,https://www.divan.ru/sankt-peterburg/product/nastolnaya-lampa-gross-white
Торшер Гросс White,4990,https://www.divan.ru/sankt-peterburg/product/torsher-gross-white
Торшер Мун Black,4990,https://www.divan.ru/sankt-peterburg/product/torsher-mun-black
Торшер Билли White,13990,https://www.divan.ru/sankt-peterburg/product/torsher-billi-white
Торшер Варио Black,5990,https://www.divan.ru/sankt-peterburg/product/torsher-vario-black
Настольная лампа Раффи Round,5790,https://www.divan.ru/sankt-peterburg/product/nastolnaya-lampa-raffi-round
Торшер Раффи Round,8890,https://www.divan.ru/sankt-peterburg/product/torsher-raffi-round
Бра Moderli Alina,3390,https://www.divan.ru/sankt-peterburg/product/bra-moderli-alina
Подвесной светильник Маро Green,11690,https://www.divan.ru/sankt-peterburg/product/podvesnoj-svetilnik-maro-green
Бра Tarbes-2,3290,https://www.divan.ru/sankt-peterburg/product/bra-tarbes-2
Светильник потолочный Matthew,4990,https://www.divan.ru/sankt-peterburg/product/svetilnik-potolochnyj-matthew
Настольная лампа Junior-4,2990,https://www.divan.ru/sankt-peterburg/product/nastolnaya-lampa-junior-4
Торшер Шани Black,11390,https://www.divan.ru/sankt-peterburg/product/torsher-shani-black
Настольная лампа Junior-3,3870,https://www.divan.ru/sankt-peterburg/product/nastolnaya-lampa-junior-3
Настольная лампа Junior-1,3990,https://www.divan.ru/sankt-peterburg/product/nastolnaya-lampa-junior-1
Подвесной светильник Milligan,5490,https://www.divan.ru/sankt-peterburg/product/podvesnoj-svetilnik-milligan
Люстра Монти-3 White,9990,https://www.divan.ru/sankt-peterburg/product/lyustra-monti-3-white
Настольная лампа Junior-2,2890,https://www.divan.ru/sankt-peterburg/product/nastolnaya-lampa-junior-2
Торшер Duetto,6990,https://www.divan.ru/sankt-peterburg/product/torsher-duetto
Настольная лампа Sphere,6530,https://www.divan.ru/sankt-peterburg/product/nastolnaya-lampa-sphere
Подвесной светильник Layham,19790,https://www.divan.ru/sankt-peterburg/product/podvesnoj-svetilnik-layham
Подвесной светильник Townshend-4,15390,https://www.divan.ru/sankt-peterburg/product/podvesnoj-svetilnik-townshend-4
Бра Galdakao-1,6590,https://www.divan.ru/sankt-peterburg/product/bra-galdakao
Подвесной светильник Tureis,3390,https://www.divan.ru/sankt-peterburg/product/podvesnoj-svetilnik-tureis
Бра Moderli Birds-1,9990,https://www.divan.ru/sankt-peterburg/product/bra-moderli-birds-1
Подвесной светильник Даклин White,3990,https://www.divan.ru/sankt-peterburg/product/podvesnoj-svetilnik-daklin-white
Торшер Луни White,16490,https://www.divan.ru/sankt-peterburg/product/torsher-luni-white
Люстра Монти-5 White,14990,https://www.divan.ru/sankt-peterburg/product/lyustra-monti-5-white
Торшер Paolo-1,16990,https://www.divan.ru/sankt-peterburg/product/torsher-paolo-1
Настольная лампа Townshend-5,5490,https://www.divan.ru/sankt-peterburg/product/nastolnaya-lampa-townshend-5
Спот Лайт-1 Black,2390,https://www.divan.ru/sankt-peterburg/product/spot-lajt-1-black
Подвесной светильник Лиму-3 Black,5390,https://www.divan.ru/sankt-peterburg/product/podvesnoj-svetilnik-limu-3-black
Подвесной светильник Moderli Libre,5590,https://www.divan.ru/sankt-peterburg/product/podvesnoj-svetilnik-moderli-libre
Настольная лампа Layham,4590,https://www.divan.ru/sankt-peterburg/product/nastolnaya-lampa-layham
Подвесной светильник Chieveley,18690,https://www.divan.ru/sankt-peterburg/product/podvesnoj-svetilnik-chieveley
Торшер Севилья White,7690,https://www.divan.ru/sankt-peterburg/product/torsher-sevilya-white
Спот Минки Brown,1190,https://www.divan.ru/sankt-peterburg/product/spot-minki-brown
Люстра Лорето-10 Black,20390,https://www.divan.ru/sankt-peterburg/product/lyustra-loreto-10-black
Спот Лима-1 Black,2490,https://www.divan.ru/sankt-peterburg/product/spot-lima-1-black
Торшер Луни Black,16490,https://www.divan.ru/sankt-peterburg/product/torsher-luni-black
Бра Cornus Silver,5290,https://www.divan.ru/sankt-peterburg/product/bra-cornus-silver
Подвесной светильник Volare,3990,https://www.divan.ru/sankt-peterburg/product/podvesnoj-svetilnik-volare
Ландшафтный светильник Визор Black,7390,https://www.divan.ru/sankt-peterburg/product/landshaftnyj-svetilnik-vizor-black
Бра Bolla-Unica,5290,https://www.divan.ru/sankt-peterburg/product/bra-bolla-unica
Настольная лампа Мист Black,6990,https://www.divan.ru/sankt-peterburg/product/nastolnaya-lampa-mist-black
Настольная лампа Palla Grey,14990,https://www.divan.ru/sankt-peterburg/product/nastolnaya-lampa-palla-grey
Подвесной светильник Фолс White,4990,https://www.divan.ru/sankt-peterburg/product/podvesnoj-svetilnik-fols-white
Люстра Нейва-4 Black,6490,https://www.divan.ru/sankt-peterburg/product/lyustra-nejva-4-black
Подвесной светильник Лима Grafit,2390,https://www.divan.ru/sankt-peterburg/product/podvesnoj-svetilnik-lima-grafit
Люстра Альби-6 Black,4390,https://www.divan.ru/sankt-peterburg/product/lyustra-albi-6-black
Торшер Combo,11900,https://www.divan.ru/sankt-peterburg/product/torsher-combo
Подвесной светильник Хоул Grey,3690,https://www.divan.ru/sankt-peterburg/product/podvesnoj-svetilnik-houl-grey
Бра Aqua-Bolla,2190,https://www.divan.ru/sankt-peterburg/product/bra-aqua-bolla
Настольная лампа Moderli Suspent,3690,https://www.divan.ru/sankt-peterburg/product/nastolnaya-lampa-moderli-suspent
Бра Лиманж Black,2390,https://www.divan.ru/sankt-peterburg/product/bra-limanj-black
Подвесной светильник Минки-2 Brown,3290,https://www.divan.ru/sankt-peterburg/product/podvesnoj-svetilnik-minki-2-brown
Бра Белфаст Single,3590,https://www.divan.ru/sankt-peterburg/product/bra-belfast-single
Бра Фаро Black,2790,https://www.divan.ru/sankt-peterburg/product/bra-faro-black
Бра Tarbes-1,5790,https://www.divan.ru/sankt-peterburg/product/bra-tarbes-1
Подвесной светильник Мистеро Black,1190,https://www.divan.ru/sankt-peterburg/product/podvesnoj-svetilnik-mistero-black
Подвесной светильник Сфера-1 Black,4190,https://www.divan.ru/sankt-peterburg/product/podvesnoj-svetilnik-sfera-1-black
Бра Мостар Black,3990,https://www.divan.ru/sankt-peterburg/product/bra-mostar-black
Спот Минки-2 Black,1690,https://www.divan.ru/sankt-peterburg/product/spot-minki-2-black
Подвесной светильник Минки-1 Grey,2890,https://www.divan.ru/sankt-peterburg/product/podvesnoj-svetilnik-minki-1-grey
Люстра Кито-5 Black,7590,https://www.divan.ru/sankt-peterburg/product/lyustra-kito-5-black
Подвесной светильник Moderli Zoe-2,8890,https://www.divan.ru/sankt-peterburg/product/podvesnoj-svetilnik-moderli-zoe-2
Спот Лима-2 White,4590,https://www.divan.ru/sankt-peterburg/product/spot-lima-2-white
Подвесной светильник Narices-1,26390,https://www.divan.ru/sankt-peterburg/product/podvesnoj-svetilnik-narices-1
Подвесной светильник Снэки Grey,4390,https://www.divan.ru/sankt-peterburg/product/podvesnoj-svetilnik-sneki-grey
Светильник потолочный Банджи White,7990,https://www.divan.ru/sankt-peterburg/product/svetilnik-potolochnyj-bandji-white
Подвесной светильник Moderli Lewes,14390,https://www.divan.ru/sankt-peterburg/product/podvesnoj-svetilnik-moderli-lewes
Спот Лима-1 White,2290,https://www.divan.ru/sankt-peterburg/product/spot-lima-1-white
Подвесной светильник Мирра-1 White,5090,https://www.divan.ru/sankt-peterburg/product/podvesnoj-svetilnik-mirra-1-white
Подвесной светильник Эдли Beige,29690,https://www.divan.ru/sankt-peterburg/product/podvesnoj-svetilnik-edli-beige
Настольная лампа Rodos,4990,https://www.divan.ru/sankt-peterburg/product/nastolnaya-lampa-rodos
Люстра Леон-3 Black,7290,https://www.divan.ru/sankt-peterburg/product/lyustra-leon-3-black
Подвесной светильник Milligan-1,16490,https://www.divan.ru/sankt-peterburg/product/podvesnoj-svetilnik-milligan-1
Спот Лайт-2 Black,2990,https://www.divan.ru/sankt-peterburg/product/spot-lajt-2-black
Подвесной светильник Минки White,2590,https://www.divan.ru/sankt-peterburg/product/podvesnoj-svetilnik-minki-white
Светильник потолочный Линг White,7690,https://www.divan.ru/sankt-peterburg/product/svetilnik-potolochnyj-ling-white
Бра Равелло Black,5890,https://www.divan.ru/sankt-peterburg/product/bra-ravello-black
Люстра Нейва-8 Black,11790,https://www.divan.ru/sankt-peterburg/product/lyustra-nejva-8-black
Подвесной светильник Минки Grey,2590,https://www.divan.ru/sankt-peterburg/product/podvesnoj-svetilnik-minki-grey
Спот Лиманж-2 Black,4490,https://www.divan.ru/sankt-peterburg/product/spot-limanj-2-black
Подвесной светильник Ридж Brown,3090,https://www.divan.ru/sankt-peterburg/product/podvesnoj-svetilnik-ridj-brown
Настольная лампа Альби White,2290,https://www.divan.ru/sankt-peterburg/product/nastolnaya-lampa-albi-white
Настольная лампа Монтероло Middle,14990,https://www.divan.ru/sankt-peterburg/product/nastolnaya-lampa-monterolo-middle
Подвесной светильник Снэки Brown,2490,https://www.divan.ru/sankt-peterburg/product/podvesnoj-svetilnik-sneki-brown
Подвесной светильник Минки-2 Grey,3090,https://www.divan.ru/sankt-peterburg/product/podvesnoj-svetilnik-minki-2-grey
Подвесной светильник Снэки-3 Brown,7090,https://www.divan.ru/sankt-peterburg/product/podvesnoj-svetilnik-sneki-3-brown
Подвесной светильник Moderli Lia-2,5790,https://www.divan.ru/sankt-peterburg/product/podvesnoj-svetilnik-moderli-lia-2
Подвесной светильник Нести White,5890,https://www.divan.ru/sankt-peterburg/product/podvesnoj-svetilnik-nesti-white
Светильник потолочный Copter,6990,https://www.divan.ru/sankt-peterburg/product/svetilnik-potolochnyj-copter
Люстра Фаро-5 Black,11700,https://www.divan.ru/sankt-peterburg/product/lyustra-faro-5-black
Спот Минки Grey,1190,https://www.divan.ru/sankt-peterburg/product/spot-minki-grey
Светильник потолочный Парма White,5090,https://www.divan.ru/sankt-peterburg/product/svetilnik-potolochnyj-parma-white
Ландшафтный светильник Элси-1 Black,750,https://www.divan.ru/sankt-peterburg/product/landshaftnyj-svetilnik-elsi-1-black
Подвесной светильник Паоли-1 Black,1200,https://www.divan.ru/sankt-peterburg/product/podvesnoj-svetilnik-paoli-1-black
Бра Тренто White,2590,https://www.divan.ru/sankt-peterburg/product/bra-trento-white
Настольная лампа Монтероло Small,8990,https://www.divan.ru/sankt-peterburg/product/nastolnaya-lampa-monterolo-small
Люстра Белиз-12 Bronz,13490,https://www.divan.ru/sankt-peterburg/product/lyustra-beliz-12-bronz
Настольная лампа Маннера Grey,6990,https://www.divan.ru/sankt-peterburg/product/nastolnaya-lampa-mannera-grey
Подвесной светильник Корниш Beige,13190,https://www.divan.ru/sankt-peterburg/product/podvesnoj-svetilnik-kornish-beige
Торшер Moderli Birds-1,15990,https://www.divan.ru/sankt-peterburg/product/torsher-moderli-birds-1
Настольная лампа Narices,15390,https://www.divan.ru/sankt-peterburg/product/nastolnaya-lampa-narices
Люстра Альби-5 Black,6190,https://www.divan.ru/sankt-peterburg/product/lyustra-albi-5-black
Бра Белфаст Double,4590,https://www.divan.ru/sankt-peterburg/product/bra-belfast-double
Бра Lubenham,7690,https://www.divan.ru/sankt-peterburg/product/bra-lubenham
Подвесной светильник Минки Brown,2690,https://www.divan.ru/sankt-peterburg/product/podvesnoj-svetilnik-minki-brown
Подвесной светильник Фаро White,5290,https://www.divan.ru/sankt-peterburg/product/podvesnoj-svetilnik-faro-white
Подвесной светильник Телос White,2890,https://www.divan.ru/sankt-peterburg/product/podvesnoj-svetilnik-telos-white
Настольная лампа Rupert,8990,https://www.divan.ru/sankt-peterburg/product/nastolnaya-lampa-rupert
Спот Лайт-2 White,2990,https://www.divan.ru/sankt-peterburg/product/spot-lajt-2-white
Бра Элси Black,890,https://www.divan.ru/sankt-peterburg/product/bra-elsi-black
Люстра Фолс-6 Brown,12190,https://www.divan.ru/sankt-peterburg/product/lyustra-fols-6-brown
Подвесной светильник Вьено-5 Black,12390,https://www.divan.ru/sankt-peterburg/product/podvesnoj-svetilnik-veno-5-black
Подвесной светильник Паоли-3 Black,6090,https://www.divan.ru/sankt-peterburg/product/podvesnoj-svetilnik-paoli-3-black
Подвесной светильник Moderli Alina,9490,https://www.divan.ru/sankt-peterburg/product/podvesnoj-svetilnik-moderli-alina
Подвесной светильник Минки Black,2590,https://www.divan.ru/sankt-peterburg/product/podvesnoj-svetilnik-minki-black
Светильник потолочный Элси Black,790,https://www.divan.ru/sankt-peterburg/product/svetilnik-potolochnyj-elsi-black
Подвесной светильник Фаро-1 White,3690,https://www.divan.ru/sankt-peterburg/product/podvesnoj-svetilnik-faro-1-white
Люстра Пиллар-6 Black,12090,https://www.divan.ru/sankt-peterburg/product/lyustra-pillar-6-black
Настольная лампа Маннера Beige,6990,https://www.divan.ru/sankt-peterburg/product/nastolnaya-lampa-mannera-beige
Торшер Moderli Birds-2,23490,https://www.divan.ru/sankt-peterburg/product/torsher-moderli-birds-2
Торшер Dundee,12090,https://www.divan.ru/sankt-peterburg/product/torsher-dundee
Бра Ройл Black,6890,https://www.divan.ru/sankt-peterburg/product/bra-rojl-black
Настольная лампа Монтероло Large,22990,https://www.divan.ru/sankt-peterburg/product/nastolnaya-lampa-monterolo-large
Светильник потолочный Белфаст Black,4990,https://www.divan.ru/sankt-peterburg/product/svetilnik-potolochnyj-belfast-black
Подвесной светильник Moderli Host-2,13790,https://www.divan.ru/sankt-peterburg/product/podvesnoj-svetilnik-moderli-host-2
Подвесной светильник Клифс Beige,13190,https://www.divan.ru/sankt-peterburg/product/podvesnoj-svetilnik-klifs-beige
Бра Pinocchio,6990,https://www.divan.ru/sankt-peterburg/product/bra-pinocchio
Спот Олден Brown,1390,https://www.divan.ru/sankt-peterburg/product/spot-olden-brown
Подвесной светильник Лайонс White,8700,https://www.divan.ru/sankt-peterburg/product/podvesnoj-svetilnik-lajons-white
Подвесной светильник Санти White,9890,https://www.divan.ru/sankt-peterburg/product/podvesnoj-svetilnik-santi-white
Подвесной светильник Минки-2 White,2490,https://www.divan.ru/sankt-peterburg/product/podvesnoj-svetilnik-minki-2-white
Ландшафтный светильник Метрополис-2 Brown,12290,https://www.divan.ru/sankt-peterburg/product/landshaftnyj-svetilnik-metropolis-2-brown
Бра Сфера-1 Black,4590,https://www.divan.ru/sankt-peterburg/product/bra-sfera-1-black
Подвесной светильник Лайонс Black,8700,https://www.divan.ru/sankt-peterburg/product/podvesnoj-svetilnik-lajons-black
Торшер Braccio,8990,https://www.divan.ru/sankt-peterburg/product/torsher-braccio
Ландшафтный светильник Сирмион Black,10490,https://www.divan.ru/sankt-peterburg/product/landshaftnyj-svetilnik-sirmion-black
Подвесной светильник Хоул Brown,2990,https://www.divan.ru/sankt-peterburg/product/podvesnoj-svetilnik-houl-brown
Спот Минки-1 Black,1390,https://www.divan.ru/sankt-peterburg/product/spot-minki-1-black
Ландшафтный светильник Ройл Black,13490,https://www.divan.ru/sankt-peterburg/product/landshaftnyj-svetilnik-rojl-black
Подвесной светильник Пиллар-3 Black,5290,https://www.divan.ru/sankt-peterburg/product/podvesnoj-svetilnik-pillar-3-black
Подвесной светильник Narices,9290,https://www.divan.ru/sankt-peterburg/product/podvesnoj-svetilnik-narices
Подвесной светильник Эффи Grafit,3790,https://www.divan.ru/sankt-peterburg/product/podvesnoj-svetilnik-effi-grafit
Люстра Альби-3 Black,4690,https://www.divan.ru/sankt-peterburg/product/lyustra-albi-3-black
Бра Moderli Birds-2,14890,https://www.divan.ru/sankt-peterburg/product/bra-moderli-birds-2
Торшер Pinocchio,13990,https://www.divan.ru/sankt-peterburg/product/torsher-pinocchio
Ландшафтный светильник Метрополис-1 Brown,8390,https://www.divan.ru/sankt-peterburg/product/landshaftnyj-svetilnik-metropolis-1-brown
Подвесной светильник Эллис-1 Black,2090,https://www.divan.ru/sankt-peterburg/product/podvesnoj-svetilnik-ellis-1-black
Подвесной светильник Даклин Red,3990,https://www.divan.ru/sankt-peterburg/product/podvesnoj-svetilnik-daklin-red
Подвесной светильник Пайн-2 Black,3090,https://www.divan.ru/sankt-peterburg/product/podvesnoj-svetilnik-pajn-2-black
Спот Дьюк White,2549,https://www.divan.ru/sankt-peterburg/product/spot-dyuk-white
Ландшафтный светильник Элси-4 Black,1790,https://www.divan.ru/sankt-peterburg/product/landshaftnyj-svetilnik-elsi-4-black
Бра Visuale,2490,https://www.divan.ru/sankt-peterburg/product/bra-visuale
Подвесной светильник Moderli Brizzi-2,7890,https://www.divan.ru/sankt-peterburg/product/podvesnoj-svetilnik-moderli-brizzi-2
Ландшафтный светильник Лэндскейп Black,3690,https://www.divan.ru/sankt-peterburg/product/landshaftnyj-svetilnik-lendskejp-black
Подвесной светильник Эллис-3 Black,5290,https://www.divan.ru/sankt-peterburg/product/podvesnoj-svetilnik-ellis-3-black
Подвесной светильник Дейл-3 Brown,7890,https://www.divan.ru/sankt-peterburg/product/podvesnoj-svetilnik-dejl-3-brown
Подвесной светильник Мирра White,5090,https://www.divan.ru/sankt-peterburg/product/podvesnoj-svetilnik-mirra-white
Подвесной светильник Минки-2 Black,3090,https://www.divan.ru/sankt-peterburg/product/podvesnoj-svetilnik-minki-2-black
Бра Метрополис Brown,5990,https://www.divan.ru/sankt-peterburg/product/bra-metropolis-brown
Ландшафтный светильник Донатори-2 Black,9890,https://www.divan.ru/sankt-peterburg/product/landshaftnyj-svetilnik-donatori-2-black
Люстра Лима-5 Black,9590,https://www.divan.ru/sankt-peterburg/product/lyustra-lima-5-black
Бра Тренто Black,2590,https://www.divan.ru/sankt-peterburg/product/bra-trento-black
Подвесной светильник Moderli Martin-2,15990,https://www.divan.ru/sankt-peterburg/product/podvesnoj-svetilnik-moderli-martin-2
Подвесной светильник Минки-1 Black,2790,https://www.divan.ru/sankt-peterburg/product/podvesnoj-svetilnik-minki-1-black
Бра Техно Стрикт-2 White,1990,https://www.divan.ru/sankt-peterburg/product/bra-tehno-strikt-2-white
Подвесной светильник Белфаст Black,4190,https://www.divan.ru/sankt-peterburg/product/podvesnoj-svetilnik-belfast-black
Торшер Chieveley,16490,https://www.divan.ru/sankt-peterburg/product/torsher-chieveley
Подвесной светильник Moderli Arya-2,8390,https://www.divan.ru/sankt-peterburg/product/podvesnoj-svetilnik-moderli-arya-2
Ландшафтный светильник Равелло-2 Black,11990,https://www.divan.ru/sankt-peterburg/product/landshaftnyj-svetilnik-ravello-2-black
Подвесной светильник Кэнди Red,4290,https://www.divan.ru/sankt-peterburg/product/podvesnoj-svetilnik-kendi-red
Ландшафтный светильник Хассалех Black,9090,https://www.divan.ru/sankt-peterburg/product/landshaftnyj-svetilnik-hassaleh-black
Подвесной светильник Нести Black,6290,https://www.divan.ru/sankt-peterburg/product/podvesnoj-svetilnik-nesti-black
Подвесной светильник Даклин Black,3990,https://www.divan.ru/sankt-peterburg/product/podvesnoj-svetilnik-daklin-black
Спот Олден White,1290,https://www.divan.ru/sankt-peterburg/product/spot-olden-white
Бра Леон Black,2490,https://www.divan.ru/sankt-peterburg/product/bra-leon-black
Подвесной светильник Мистеро Grey,1190,https://www.divan.ru/sankt-peterburg/product/podvesnoj-svetilnik-mistero-grey
Люстра Лима-5 White,8790,https://www.divan.ru/sankt-peterburg/product/lyustra-lima-5-white
Торшер Priddy,7990,https://www.divan.ru/sankt-peterburg/product/torsher-priddy
Спот Esteperra,4890,https://www.divan.ru/sankt-peterburg/product/spot-esteperra
Подвесной светильник Снэки-1 Grey,2490,https://www.divan.ru/sankt-peterburg/product/podvesnoj-svetilnik-sneki-1-grey
Ландшафтный светильник Белград Black,10990,https://www.divan.ru/sankt-peterburg/product/landshaftnyj-svetilnik-belgrad-black
Бра Донатори Black,5590,https://www.divan.ru/sankt-peterburg/product/bra-donatori-black
Спот Минки-2 Brown,1790,https://www.divan.ru/sankt-peterburg/product/spot-minki-2-brown
Спот Минки-1 Grey,1390,https://www.divan.ru/sankt-peterburg/product/spot-minki-1-grey
Подвесной светильник Кэнди Blue,6990,https://www.divan.ru/sankt-peterburg/product/podvesnoj-svetilnik-kendi-blue
Подвесной светильник Альби Black,990,https://www.divan.ru/sankt-peterburg/product/podvesnoj-svetilnik-albi-black
Ландшафтный светильник Белфаст Black,6690,https://www.divan.ru/sankt-peterburg/product/landshaftnyj-svetilnik-belfast-black
Спот Минки White,1190,https://www.divan.ru/sankt-peterburg/product/spot-minki-white
Настольная лампа Moderli Birds-1,9690,https://www.divan.ru/sankt-peterburg/product/nastolnaya-lampa-moderli-birds-1
Подвесной светильник Снэки-5 Grey,7390,https://www.divan.ru/sankt-peterburg/product/podvesnoj-svetilnik-sneki-5-grey
Ландшафтный светильник Элси-3 Black,890,https://www.divan.ru/sankt-peterburg/product/landshaftnyj-svetilnik-elsi-3-black
Подвесной светильник Ридж White,2990,https://www.divan.ru/sankt-peterburg/product/podvesnoj-svetilnik-ridj-white
Подвесной светильник Кэнди Yellow,6990,https://www.divan.ru/sankt-peterburg/product/podvesnoj-svetilnik-kendi-yellow
Ландшафтный светильник Донатори-1 Black,6390,https://www.divan.ru/sankt-peterburg/product/landshaftnyj-svetilnik-donatori-1-black
Подвесной светильник Moderli Host-1,6890,https://www.divan.ru/sankt-peterburg/product/podvesnoj-svetilnik-moderli-host-1
Спот Минки-1 White,1390,https://www.divan.ru/sankt-peterburg/product/spot-minki-1-white
Бра Лима Black,2290,https://www.divan.ru/sankt-peterburg/product/bra-lima-black
Торшер Moderli Floor White,7590,https://www.divan.ru/sankt-peterburg/product/torsher-moderli-floor-white
Подвесной светильник Кэнди Orange,6990,https://www.divan.ru/sankt-peterburg/product/podvesnoj-svetilnik-kendi-orange
Спот Минки-2 Grey,1690,https://www.divan.ru/sankt-peterburg/product/spot-minki-2-grey
Подвесной светильник Санти Black,12390,https://www.divan.ru/sankt-peterburg/product/podvesnoj-svetilnik-santi-black
Настольная лампа Маннера Brown,6990,https://www.divan.ru/sankt-peterburg/product/nastolnaya-lampa-mannera-brown
Подвесной светильник Volare-1,4320,https://www.divan.ru/sankt-peterburg/product/podvesnoj-svetilnik-volare-1
Торшер Moderli Floor Black,7990,https://www.divan.ru/sankt-peterburg/product/torsher-moderli-floor-black
Бра Сирмион Black,7690,https://www.divan.ru/sankt-peterburg/product/bra-sirmion-black
Подвесной светильник Moderli Martin-1,6990,https://www.divan.ru/sankt-peterburg/product/podvesnoj-svetilnik-moderli-martin-1
Подвесной светильник Мистеро White,1190,https://www.divan.ru/sankt-peterburg/product/podvesnoj-svetilnik-mistero-white
Бра Мэль White,2590,https://www.divan.ru/sankt-peterburg/product/bra-mel-white
Подвесной светильник Priddy,9890,https://www.divan.ru/sankt-peterburg/product/podvesnoj-svetilnik-priddy
Подвесной светильник Минки-1 White,2790,https://www.divan.ru/sankt-peterburg/product/podvesnoj-svetilnik-minki-1-white
Торшер Moderli Birds-3,27490,https://www.divan.ru/sankt-peterburg/product/torsher-moderli-birds-3
Подвесной светильник Минки-1 Brown,2990,https://www.divan.ru/sankt-peterburg/product/podvesnoj-svetilnik-minki-1-brown
Бра Буфалата Black,13990,https://www.divan.ru/sankt-peterburg/product/bra-bufalata-black
Бра Мостар White,3990,https://www.divan.ru/sankt-peterburg/product/bra-mostar-white
Подвесной светильник Пайн Black,2590,https://www.divan.ru/sankt-peterburg/product/podvesnoj-svetilnik-pajn-black
Настольная лампа Фаро Black,3490,https://www.divan.ru/sankt-peterburg/product/nastolnaya-lampa-faro-black
Люстра Фаро-2 Black,4190,https://www.divan.ru/sankt-peterburg/product/lyustra-faro-2-black
Спот Дьюк Black,2590,https://www.divan.ru/sankt-peterburg/product/spot-dyuk-black
Настольная лампа Фаро White,4390,https://www.divan.ru/sankt-peterburg/product/nastolnaya-lampa-faro-white
Подвесной светильник Хоул White,2990,https://www.divan.ru/sankt-peterburg/product/podvesnoj-svetilnik-houl-white
Светильник потолочный Линг Black,7690,https://www.divan.ru/sankt-peterburg/product/svetilnik-potolochnyj-ling-black
Спот Олден Grey,1290,https://www.divan.ru/sankt-peterburg/product/spot-olden-grey
Спот Лима-2 Black,4890,https://www.divan.ru/sankt-peterburg/product/spot-lima-2-black
Люстра Джеоми White,12490,https://www.divan.ru/sankt-peterburg/product/lyustra-djeomi-white
Настольная лампа Олли Brass,7990,https://www.divan.ru/sankt-peterburg/product/nastolnaya-lampa-olli-brass
Люстра Белиз-23 Bronz,49090,https://www.divan.ru/sankt-peterburg/product/lyustra-beliz-23-bronz
Спот Минки-1 Brown,1390,https://www.divan.ru/sankt-peterburg/product/spot-minki-1-brown
Подвесной светильник Пайн-1 Black,2790,https://www.divan.ru/sankt-peterburg/product/podvesnoj-svetilnik-pajn-1-black
Спот Минки Black,1190,https://www.divan.ru/sankt-peterburg/product/spot-minki-black
Светильник потолочный Банджи Black,6300,https://www.divan.ru/sankt-peterburg/product/svetilnik-potolochnyj-bandji-black
Светильник потолочный Лима-1 Black,2590,https://www.divan.ru/sankt-peterburg/product/svetilnik-potolochnyj-lima-1-black
Спот Олден Black,1290,https://www.divan.ru/sankt-peterburg/product/spot-olden-black
Подвесной светильник Дейл Brown,2890,https://www.divan.ru/sankt-peterburg/product/podvesnoj-svetilnik-dejl-brown
Спот Лима-4 White,8290,https://www.divan.ru/sankt-peterburg/product/spot-lima-4-white
Люстра Леон-5 Black,10790,https://www.divan.ru/sankt-peterburg/product/lyustra-leon-5-black
Люстра Кито-8 Black,11590,https://www.divan.ru/sankt-peterburg/product/lyustra-kito-8-black
Подвесной светильник Шалин Black,3690,https://www.divan.ru/sankt-peterburg/product/podvesnoj-svetilnik-shalin-black
Спот Лима-4 Black,9090,https://www.divan.ru/sankt-peterburg/product/spot-lima-4-black
Люстра Кроу-3 White,5190,https://www.divan.ru/sankt-peterburg/product/lyustra-krou-3-white
Подвесной светильник Фаро-3 White,6490,https://www.divan.ru/sankt-peterburg/product/podvesnoj-svetilnik-faro-3-white
Спот Лиманж-4 Black,7790,https://www.divan.ru/sankt-peterburg/product/spot-limanj-4-black
Подвесной светильник Паоли White,2290,https://www.divan.ru/sankt-peterburg/product/podvesnoj-svetilnik-paoli-white
Настольная лампа Дэви White,9190,https://www.divan.ru/sankt-peterburg/product/nastolnaya-lampa-devi-white
Подвесной светильник Корси Grafit,2790,https://www.divan.ru/sankt-peterburg/product/podvesnoj-svetilnik-korsi-grafit
Бра Твинки Grey,3390,https://www.divan.ru/sankt-peterburg/product/bra-tvinki-grey
Бра Твинки White,3390,https://www.divan.ru/sankt-peterburg/product/bra-tvinki-white
Бра Техно Стрикт-2 Grey,2290,https://www.divan.ru/sankt-peterburg/product/bra-tehno-strikt-2-grey
Бра Техно Стрикт-1 Grey,3090,https://www.divan.ru/sankt-peterburg/product/bra-tehno-strikt-1-grey
Бра Брик Black,3090,https://www.divan.ru/sankt-peterburg/product/bra-brik-black
Бра Брик White,3090,https://www.divan.ru/sankt-peterburg/product/bra-brik-white
Ландшафтный светильник Техно-1 Black,6390,https://www.divan.ru/sankt-peterburg/product/landshaftnyj-svetilnik-tehno-1-black
Спот Лайт-1 Grey,2390,https://www.divan.ru/sankt-peterburg/product/spot-lajt-1-grey
Ландшафтный светильник Сфера-1 Black,10990,https://www.divan.ru/sankt-peterburg/product/landshaftnyj-svetilnik-sfera-1-black
Ландшафтный светильник Техно-2 Black,5690,https://www.divan.ru/sankt-peterburg/product/landshaftnyj-svetilnik-tehno-2-black
Ландшафтный светильник Стамбул-2 Black,10090,https://www.divan.ru/sankt-peterburg/product/landshaftnyj-svetilnik-stambul-2-black
Ландшафтный светильник Стамбул-1 Black,5290,https://www.divan.ru/sankt-peterburg/product/landshaftnyj-svetilnik-stambul-1-black
Бра Гермес Black,5190,https://www.divan.ru/sankt-peterburg/product/bra-germes-black
Бра Техно Стрикт-1 White,3090,https://www.divan.ru/sankt-peterburg/product/bra-tehno-strikt-1-white
Бра Техно-2 Black,3290,https://www.divan.ru/sankt-peterburg/product/bra-tehno-2-black
Бра Техно-1 Black,3190,https://www.divan.ru/sankt-peterburg/product/bra-tehno-1-black
Бра Техно Стрикт-2 Black,2290,https://www.divan.ru/sankt-peterburg/product/bra-tehno-strikt-2-black
Бра Техно Стрикт-1 Black,3090,https://www.divan.ru/sankt-peterburg/product/bra-tehno-strikt-1-black
Бра Твинки Black,3390,https://www.divan.ru/sankt-peterburg/product/bra-tvinki-black
